epoch,loss,val_loss
0,0.25191065669059753,2.1556358337402344
1,0.1934567540884018,1.532012939453125
2,0.0950169488787651,1.6133348941802979
3,0.07322288304567337,1.388282060623169
4,0.062178973108530045,1.373673915863037
5,0.06399334222078323,1.247802495956421
6,0.054926518350839615,1.1811858415603638
7,0.05448019877076149,1.2746278047561646
8,0.05789172276854515,1.1175810098648071
9,0.05716533213853836,1.1326942443847656
10,0.05322574824094772,1.2731049060821533
11,0.048661768436431885,0.9795363545417786
12,0.055734116584062576,1.4183800220489502
13,0.058917537331581116,1.009974479675293
14,0.0581565797328949,1.3453123569488525
15,0.06488783657550812,1.2799400091171265
16,0.05007924512028694,1.191965103149414
17,0.04471347853541374,1.2444125413894653
18,0.03368048742413521,1.1256513595581055
19,0.027651077136397362,1.1270394325256348
20,0.02846088446676731,1.1618093252182007
21,0.025905244052410126,1.108073115348816
