date,status,returned_trades,hourly_bars,error
2021-10-02,downloaded,5480.0,4.0,
2021-10-03,downloaded,3864.0,5.0,
2021-10-04,downloaded,3230.0,4.0,
2021-10-06,downloaded,4141.0,4.0,
2021-10-09,downloaded,3926.0,4.0,
2021-10-10,downloaded,3219.0,4.0,
2021-10-11,downloaded,3116.0,4.0,
2021-10-12,downloaded,4110.0,4.0,
2021-10-13,downloaded,4052.0,4.0,
2021-10-16,downloaded,2793.0,4.0,
2021-10-17,downloaded,4728.0,4.0,
2021-10-18,downloaded,3663.0,4.0,
2021-10-19,downloaded,3250.0,4.0,
2021-10-20,downloaded,2824.0,4.0,
2021-10-23,downloaded,6442.0,4.0,
2021-10-25,downloaded,4550.0,4.0,
2021-10-26,downloaded,4201.0,4.0,
2021-10-27,downloaded,5497.0,6.0,
2021-10-30,downloaded,5392.0,5.0,
2021-10-31,downloaded,5175.0,4.0,
2021-11-01,downloaded,4402.0,4.0,
2021-11-02,downloaded,3241.0,3.0,
2021-11-03,downloaded,4076.0,3.0,
2021-11-06,downloaded,6555.0,4.0,
2021-11-07,downloaded,6447.0,4.0,
2021-11-08,downloaded,4426.0,4.0,
2021-11-09,downloaded,4296.0,4.0,
2021-11-10,downloaded,4180.0,4.0,
2021-11-13,downloaded,3931.0,5.0,
2021-11-14,downloaded,3587.0,6.0,
2021-11-15,downloaded,4002.0,5.0,
2021-11-16,downloaded,2950.0,4.0,
2021-11-17,downloaded,3472.0,4.0,
2021-11-20,downloaded,5118.0,4.0,
2021-11-21,downloaded,4843.0,4.0,
2021-11-22,downloaded,4262.0,5.0,
2021-11-23,downloaded,3625.0,4.0,
2021-11-24,downloaded,3486.0,5.0,
2021-11-27,downloaded,5018.0,4.0,
2021-11-28,downloaded,3735.0,4.0,
2021-11-29,downloaded,3582.0,4.0,
2021-11-30,downloaded,3559.0,4.0,
2021-12-01,downloaded,3631.0,4.0,
2021-12-04,downloaded,3712.0,4.0,
2021-12-05,downloaded,3435.0,4.0,
2021-12-06,downloaded,2662.0,4.0,
2021-12-07,downloaded,2498.0,4.0,
2021-12-08,downloaded,2921.0,4.0,
2021-12-11,downloaded,2464.0,4.0,
2021-12-12,downloaded,2334.0,4.0,
2021-12-13,downloaded,4865.0,4.0,
2021-12-14,downloaded,3239.0,4.0,
2021-12-15,downloaded,2818.0,4.0,
2021-12-18,downloaded,2758.0,4.0,
2021-12-19,downloaded,2724.0,4.0,
2021-12-20,downloaded,2643.0,4.0,
2021-12-21,downloaded,2706.0,4.0,
2021-12-22,downloaded,3406.0,5.0,
2021-12-25,downloaded,4799.0,4.0,
2021-12-26,downloaded,3455.0,5.0,
2021-12-27,downloaded,3925.0,4.0,
2021-12-28,downloaded,3214.0,4.0,
2021-12-29,downloaded,3067.0,4.0,
2022-01-01,downloaded,2866.0,4.0,
2022-01-02,downloaded,2280.0,4.0,
2022-01-03,downloaded,1961.0,4.0,
2022-01-04,downloaded,2396.0,4.0,
2022-01-05,downloaded,2056.0,5.0,
2022-01-08,downloaded,2510.0,4.0,
2022-01-09,downloaded,2925.0,4.0,
2022-01-10,downloaded,2767.0,4.0,
2022-01-11,downloaded,2025.0,4.0,
2022-01-12,downloaded,2039.0,4.0,
2022-01-15,downloaded,2617.0,4.0,
2022-01-16,downloaded,2582.0,4.0,
2022-01-17,downloaded,2271.0,4.0,
2022-01-18,downloaded,3662.0,4.0,
2022-01-19,downloaded,2819.0,4.0,
2022-01-22,downloaded,3064.0,4.0,
2022-01-23,downloaded,2449.0,4.0,
2022-01-24,downloaded,2561.0,4.0,
2022-01-25,downloaded,5148.0,6.0,
2022-01-26,downloaded,3260.0,4.0,
2022-01-29,downloaded,2557.0,4.0,
2022-01-30,downloaded,5297.0,6.0,
2022-01-31,downloaded,3651.0,4.0,
2022-02-01,downloaded,3814.0,6.0,
2022-02-02,downloaded,3604.0,5.0,
2022-02-05,downloaded,3637.0,5.0,
2022-02-06,downloaded,5542.0,5.0,
2022-02-07,downloaded,1958.0,3.0,
2022-02-08,downloaded,2048.0,3.0,
2022-02-09,downloaded,3548.0,4.0,
2022-02-12,downloaded,2083.0,4.0,
2022-02-13,downloaded,2181.0,4.0,
2022-02-14,downloaded,2971.0,5.0,
2022-02-16,downloaded,2809.0,4.0,
2022-02-19,downloaded,3185.0,4.0,
2022-02-20,downloaded,2463.0,4.0,
2022-02-21,downloaded,2643.0,4.0,
2022-02-22,downloaded,2895.0,4.0,
2022-02-23,downloaded,2128.0,4.0,
2022-02-26,downloaded,2479.0,4.0,
2022-02-27,downloaded,2502.0,4.0,
2022-02-28,downloaded,2432.0,4.0,
2022-03-02,downloaded,2092.0,4.0,
2022-03-05,downloaded,2969.0,4.0,
2022-03-06,downloaded,4351.0,4.0,
2022-03-07,downloaded,3654.0,4.0,
2022-03-08,downloaded,2508.0,4.0,
2022-03-09,downloaded,2606.0,5.0,
2022-03-12,downloaded,2666.0,4.0,
2022-03-13,downloaded,2424.0,4.0,
2022-03-14,downloaded,2131.0,4.0,
2022-03-15,downloaded,1912.0,4.0,
2022-03-16,downloaded,1989.0,4.0,
2022-03-19,downloaded,2790.0,5.0,
2022-03-26,downloaded,3222.0,4.0,
2022-03-27,downloaded,3998.0,4.0,
2022-03-28,downloaded,3603.0,4.0,
2022-03-29,downloaded,3607.0,4.0,
2022-03-30,downloaded,2522.0,4.0,
2022-04-03,downloaded,3451.0,4.0,
2022-04-04,downloaded,5827.0,4.0,
2022-04-05,downloaded,4206.0,4.0,
2022-04-06,downloaded,3857.0,4.0,
2022-04-09,downloaded,3089.0,4.0,
2022-04-10,downloaded,3070.0,4.0,
2022-04-11,downloaded,2949.0,5.0,
2022-04-12,downloaded,4738.0,4.0,
2022-04-13,downloaded,2983.0,5.0,
2022-04-16,downloaded,3039.0,5.0,
2022-04-17,downloaded,3440.0,4.0,
2022-04-20,downloaded,1332.0,2.0,
2022-04-24,downloaded,3149.0,4.0,
2022-04-25,downloaded,2775.0,5.0,
2022-04-26,downloaded,3374.0,4.0,
2022-04-27,downloaded,3579.0,5.0,
2022-04-30,downloaded,3306.0,5.0,
2022-05-01,downloaded,2784.0,5.0,
2022-05-02,downloaded,3120.0,5.0,
2022-05-07,downloaded,3485.0,5.0,
2022-05-08,downloaded,3725.0,5.0,
2022-05-09,downloaded,3540.0,4.0,
2022-05-10,downloaded,2665.0,4.0,
2022-05-11,downloaded,3239.0,4.0,
2022-05-14,downloaded,3846.0,5.0,
2022-05-15,downloaded,3277.0,4.0,
2022-05-16,downloaded,5359.0,5.0,
2022-05-17,downloaded,5646.0,4.0,
2022-05-18,downloaded,3724.0,6.0,
2022-05-21,downloaded,3276.0,5.0,
2022-05-22,downloaded,3132.0,4.0,
2022-05-23,downloaded,3758.0,4.0,
2022-05-24,downloaded,3093.0,4.0,
2022-05-25,downloaded,3747.0,4.0,
2022-05-28,downloaded,3378.0,4.0,
2022-05-29,downloaded,2951.0,5.0,
2022-05-30,downloaded,2877.0,4.0,
2022-05-31,downloaded,2342.0,5.0,
2022-06-06,downloaded,2272.0,4.0,
2022-06-07,downloaded,3101.0,4.0,
2022-06-08,downloaded,1903.0,3.0,
2022-06-11,downloaded,2792.0,4.0,
2022-06-12,downloaded,2950.0,4.0,
2022-06-13,downloaded,3740.0,4.0,
2022-06-14,downloaded,2561.0,4.0,
2022-06-15,downloaded,2354.0,4.0,
2022-06-18,downloaded,2702.0,4.0,
2022-06-19,downloaded,2366.0,4.0,
2022-06-20,downloaded,2176.0,5.0,
2022-06-21,downloaded,1830.0,4.0,
2022-06-22,downloaded,2062.0,4.0,
2022-06-25,downloaded,3409.0,4.0,
2022-06-26,downloaded,2650.0,4.0,
2022-06-27,downloaded,2886.0,4.0,
2022-06-28,downloaded,2176.0,4.0,
2022-06-29,downloaded,1852.0,4.0,
2022-07-02,downloaded,2142.0,4.0,
2022-07-03,downloaded,2212.0,4.0,
2022-07-04,downloaded,1835.0,4.0,
2022-07-05,downloaded,2761.0,4.0,
2022-07-06,downloaded,2798.0,4.0,
2022-07-09,downloaded,2659.0,4.0,
2022-07-11,downloaded,4802.0,4.0,
2022-07-12,downloaded,2955.0,4.0,
2022-07-13,downloaded,2768.0,4.0,
2022-07-16,downloaded,2673.0,4.0,
2022-07-17,downloaded,2743.0,4.0,
2022-07-24,downloaded,331.0,1.0,
2022-07-25,downloaded,3161.0,4.0,
2022-07-26,downloaded,2381.0,4.0,
2022-07-27,downloaded,2360.0,4.0,
2022-07-30,downloaded,2685.0,4.0,
2022-07-31,downloaded,4650.0,5.0,
2022-08-09,downloaded,1640.0,2.0,
2022-08-10,downloaded,3359.0,5.0,
2022-08-13,downloaded,3877.0,4.0,
2022-08-14,downloaded,2444.0,4.0,
2022-08-15,downloaded,2233.0,4.0,
2022-08-16,downloaded,2178.0,4.0,
2022-08-17,downloaded,2085.0,4.0,
2022-08-21,downloaded,336.0,1.0,
2022-08-22,downloaded,3303.0,4.0,
2022-08-23,downloaded,2805.0,4.0,
2022-08-24,downloaded,2408.0,4.0,
2022-08-27,downloaded,2315.0,4.0,
2022-08-28,downloaded,1704.0,4.0,
2022-08-29,downloaded,2068.0,4.0,
2022-08-30,downloaded,1954.0,4.0,
2022-08-31,downloaded,1682.0,4.0,
2022-09-03,downloaded,2218.0,4.0,
2022-09-04,downloaded,1724.0,4.0,
2022-09-05,downloaded,1835.0,4.0,
2022-09-06,downloaded,1406.0,4.0,
2022-09-07,downloaded,1603.0,4.0,
2022-09-10,downloaded,1692.0,4.0,
2022-09-11,downloaded,1644.0,4.0,
2022-09-12,downloaded,3102.0,4.0,
2022-09-13,downloaded,2249.0,4.0,
2022-09-14,downloaded,1824.0,4.0,
2022-09-18,downloaded,1666.0,4.0,
2022-09-19,downloaded,1573.0,4.0,
2022-09-20,downloaded,1368.0,4.0,
2022-09-21,downloaded,1770.0,4.0,
2022-09-24,downloaded,2041.0,4.0,
2022-09-26,downloaded,1870.0,4.0,
2022-09-28,downloaded,1631.0,4.0,
2022-10-01,downloaded,1638.0,4.0,
2022-10-02,downloaded,1420.0,4.0,
2022-10-03,downloaded,1140.0,4.0,
2022-10-04,downloaded,1173.0,4.0,
2022-10-08,downloaded,1360.0,4.0,
2022-10-09,downloaded,1599.0,4.0,
2022-10-10,downloaded,1417.0,5.0,
2022-10-11,downloaded,1461.0,4.0,
2022-10-12,downloaded,1348.0,4.0,
2022-10-15,downloaded,1143.0,4.0,
2022-10-16,downloaded,1203.0,4.0,
2022-10-17,downloaded,1168.0,4.0,
2022-10-18,downloaded,1123.0,4.0,
2022-10-19,downloaded,1126.0,4.0,
2022-10-22,downloaded,1714.0,5.0,
2022-10-23,downloaded,2384.0,4.0,
2022-10-24,downloaded,5350.0,4.0,
2022-10-25,downloaded,3620.0,4.0,
2022-10-26,downloaded,3734.0,4.0,
2022-10-29,downloaded,3353.0,4.0,
2022-10-30,downloaded,2872.0,4.0,
2022-10-31,downloaded,2521.0,4.0,
2022-11-01,downloaded,2367.0,5.0,
2022-11-02,downloaded,2510.0,4.0,
2022-11-05,downloaded,3014.0,4.0,
2022-11-06,downloaded,3540.0,5.0,
2022-11-07,downloaded,4265.0,5.0,
2022-11-08,downloaded,4169.0,4.0,
2022-11-09,downloaded,3164.0,4.0,
2022-11-12,downloaded,2913.0,4.0,
2022-11-13,downloaded,2632.0,4.0,
2022-11-14,downloaded,2470.0,4.0,
2022-11-15,downloaded,1672.0,5.0,
2022-11-16,downloaded,1587.0,4.0,
2022-11-19,downloaded,2455.0,4.0,
2022-11-20,downloaded,1566.0,4.0,
2022-11-21,downloaded,1663.0,4.0,
2022-11-22,downloaded,1132.0,3.0,
2022-11-23,downloaded,1647.0,4.0,
2022-11-26,downloaded,1577.0,4.0,
2022-11-27,downloaded,1727.0,4.0,
2022-11-28,downloaded,2011.0,4.0,
2022-12-03,downloaded,806.0,2.0,
2022-12-04,downloaded,2077.0,4.0,
2022-12-05,downloaded,1966.0,4.0,
2022-12-06,downloaded,1643.0,4.0,
2022-12-07,downloaded,2102.0,4.0,
2022-12-10,downloaded,2226.0,4.0,
2022-12-11,downloaded,2202.0,4.0,
2022-12-12,downloaded,2392.0,4.0,
2022-12-13,downloaded,4150.0,4.0,
2022-12-14,downloaded,4105.0,4.0,
2022-12-17,downloaded,2769.0,4.0,
2022-12-18,downloaded,3149.0,4.0,
2022-12-19,downloaded,2964.0,4.0,
2022-12-20,downloaded,2098.0,4.0,
2022-12-21,downloaded,1808.0,4.0,
2022-12-24,downloaded,3549.0,4.0,
2022-12-25,downloaded,3434.0,5.0,
2022-12-26,downloaded,3257.0,4.0,
2022-12-28,downloaded,4217.0,4.0,
2022-12-31,downloaded,5409.0,4.0,
2023-01-01,downloaded,4403.0,4.0,
2023-01-02,downloaded,3364.0,4.0,
2023-01-03,downloaded,3320.0,4.0,
2023-01-04,downloaded,2797.0,5.0,
2023-01-07,downloaded,3144.0,4.0,
2023-01-08,downloaded,4062.0,4.0,
2023-01-09,downloaded,3872.0,4.0,
2023-01-10,downloaded,5467.0,4.0,
2023-01-11,downloaded,4050.0,4.0,
2023-01-14,downloaded,3679.0,4.0,
2023-01-16,downloaded,3524.0,4.0,
2023-01-17,downloaded,3991.0,4.0,
2023-01-18,downloaded,3369.0,4.0,
2023-01-21,downloaded,4934.0,4.0,
2023-01-22,downloaded,3514.0,4.0,
2023-01-23,downloaded,3200.0,4.0,
2023-01-24,downloaded,2365.0,4.0,
2023-01-25,downloaded,3044.0,4.0,
2023-01-28,downloaded,3108.0,4.0,
2023-01-29,downloaded,3874.0,4.0,
2023-01-30,downloaded,3061.0,4.0,
2023-01-31,downloaded,2396.0,4.0,
2023-02-01,downloaded,2046.0,4.0,
2023-02-05,downloaded,2636.0,4.0,
2023-02-06,downloaded,2312.0,4.0,
2023-02-07,downloaded,2319.0,4.0,
2023-02-08,downloaded,2640.0,4.0,
2023-02-12,downloaded,2305.0,4.0,
2023-02-13,downloaded,2389.0,4.0,
2023-02-14,downloaded,2186.0,4.0,
2023-02-15,downloaded,2097.0,4.0,
2023-02-19,downloaded,3764.0,4.0,
2023-02-20,downloaded,2932.0,4.0,
2023-02-21,downloaded,4707.0,4.0,
2023-02-22,downloaded,6649.0,4.0,
2023-02-25,downloaded,3232.0,6.0,
2023-02-26,downloaded,7694.0,5.0,
2023-02-27,downloaded,7738.0,4.0,
2023-02-28,downloaded,5800.0,4.0,
2023-03-01,downloaded,5693.0,4.0,
2023-03-04,downloaded,5218.0,4.0,
2023-03-05,downloaded,3865.0,4.0,
2023-03-06,downloaded,4023.0,4.0,
2023-03-07,downloaded,5961.0,4.0,
2023-03-11,downloaded,5797.0,4.0,
2023-03-12,downloaded,4989.0,4.0,
2023-03-13,downloaded,5536.0,4.0,
2023-03-19,downloaded,3387.0,2.0,
2023-03-25,downloaded,7359.0,4.0,
2023-03-26,downloaded,7675.0,4.0,
2023-03-27,downloaded,5735.0,4.0,
2023-03-28,downloaded,6974.0,4.0,
2023-03-29,downloaded,6598.0,4.0,
2023-04-03,downloaded,7236.0,4.0,
2023-04-04,downloaded,6157.0,4.0,
2023-04-05,downloaded,6141.0,4.0,
2023-04-08,downloaded,7617.0,4.0,
2023-04-09,downloaded,6351.0,4.0,
2023-04-10,downloaded,7140.0,4.0,
2023-04-11,downloaded,3965.0,3.0,
2023-04-15,downloaded,6863.0,4.0,
2023-04-16,downloaded,5938.0,4.0,
2023-04-17,downloaded,6266.0,4.0,
2023-04-18,downloaded,6850.0,4.0,
2023-04-19,downloaded,5349.0,5.0,
2023-04-24,downloaded,5109.0,4.0,
2023-04-25,downloaded,5607.0,4.0,
2023-04-26,downloaded,5781.0,4.0,
2023-04-29,downloaded,5811.0,4.0,
2023-04-30,downloaded,8980.0,6.0,
2023-05-01,unresolved,,,"HTTPConnectionPool(host='service.tsetmc.com', port=80): Max retries exceeded with url: /tsev2/data/TseClient2.aspx?t=LastPossibleDeven (Caused by ConnectTimeoutError(<HTTPConnection(host='service.tsetmc.com', port=80) at 0x2913f05a4b0>, 'Connection to service.tsetmc.com timed out. (connect timeout=5)'))"
2023-05-02,downloaded,5805.0,4.0,
2023-05-03,downloaded,6164.0,5.0,
2023-05-06,downloaded,6312.0,5.0,
2023-05-07,downloaded,7875.0,4.0,
2023-05-08,downloaded,5095.0,4.0,
2023-05-09,downloaded,6247.0,4.0,
2023-05-10,downloaded,5811.0,5.0,
2023-05-13,downloaded,6214.0,4.0,
2023-05-14,downloaded,4793.0,4.0,
2023-05-15,downloaded,3882.0,4.0,
2023-05-20,downloaded,3402.0,3.0,
2023-05-21,downloaded,4325.0,5.0,
2023-05-22,downloaded,4236.0,4.0,
2023-05-23,downloaded,3943.0,4.0,
2023-05-24,downloaded,3839.0,4.0,
2023-05-27,downloaded,4157.0,5.0,
2023-05-28,downloaded,3981.0,5.0,
2023-05-29,downloaded,3146.0,4.0,
2023-05-30,downloaded,3181.0,4.0,
2023-05-31,downloaded,3044.0,4.0,
2023-06-03,downloaded,2709.0,4.0,
2023-06-06,downloaded,3061.0,4.0,
2023-06-07,downloaded,2640.0,5.0,
2023-06-10,downloaded,4286.0,5.0,
2023-06-11,downloaded,4015.0,4.0,
2023-06-12,downloaded,5366.0,4.0,
2023-06-13,downloaded,2919.0,4.0,
2023-06-14,downloaded,2788.0,5.0,
2023-06-17,downloaded,2476.0,6.0,
2023-06-18,downloaded,2559.0,5.0,
2023-06-19,downloaded,2620.0,4.0,
2023-06-20,downloaded,1900.0,4.0,
2023-06-21,downloaded,2473.0,4.0,
2023-06-24,downloaded,2926.0,4.0,
2023-06-25,downloaded,2537.0,4.0,
2023-06-26,downloaded,2443.0,4.0,
2023-06-27,downloaded,2079.0,4.0,
2023-06-28,downloaded,1941.0,4.0,
2023-07-01,downloaded,2192.0,4.0,
2023-07-02,downloaded,1972.0,5.0,
2023-07-03,downloaded,2649.0,5.0,
2023-07-04,downloaded,3154.0,4.0,
2023-07-05,downloaded,2173.0,4.0,
2023-07-08,downloaded,2324.0,4.0,
2023-07-09,downloaded,2064.0,5.0,
2023-07-10,downloaded,2111.0,5.0,
2023-07-11,downloaded,2522.0,4.0,
2023-07-12,downloaded,2900.0,4.0,
2023-07-15,downloaded,2119.0,4.0,
2023-07-16,downloaded,3103.0,6.0,
2023-07-17,downloaded,3664.0,4.0,
2023-07-18,downloaded,3540.0,4.0,
2023-07-24,downloaded,1159.0,2.0,
2023-07-25,downloaded,2438.0,4.0,
2023-07-26,downloaded,2044.0,4.0,
2023-07-29,downloaded,1942.0,4.0,
2023-07-30,downloaded,2518.0,4.0,
2023-07-31,downloaded,1814.0,4.0,
2023-08-01,downloaded,2163.0,4.0,
2023-08-05,downloaded,2740.0,4.0,
2023-08-06,downloaded,2176.0,5.0,
2023-08-07,downloaded,1365.0,5.0,
2023-08-08,downloaded,1698.0,5.0,
2023-08-09,downloaded,1450.0,4.0,
2023-08-12,downloaded,1971.0,4.0,
2023-08-13,downloaded,1380.0,4.0,
2023-08-14,downloaded,1539.0,4.0,
2023-08-15,downloaded,1228.0,4.0,
2023-08-16,downloaded,1796.0,6.0,
2023-08-19,downloaded,1925.0,4.0,
2023-08-20,downloaded,1713.0,4.0,
2023-08-21,downloaded,1455.0,4.0,
2023-08-22,downloaded,1534.0,4.0,
2023-08-23,downloaded,1736.0,4.0,
2023-08-26,downloaded,2417.0,4.0,
2023-08-27,downloaded,3184.0,4.0,
2023-08-28,downloaded,3061.0,4.0,
2023-08-29,downloaded,2641.0,4.0,
2023-08-30,downloaded,2346.0,4.0,
2023-09-02,downloaded,2225.0,4.0,
2023-09-03,downloaded,1682.0,5.0,
2023-09-04,downloaded,1905.0,5.0,
2023-09-05,downloaded,2057.0,5.0,
2023-09-09,downloaded,1970.0,5.0,
2023-09-10,downloaded,1782.0,5.0,
2023-09-11,downloaded,1373.0,4.0,
2023-09-12,downloaded,1277.0,4.0,
2023-09-13,downloaded,2084.0,4.0,
2023-09-17,downloaded,2183.0,4.0,
2023-09-18,downloaded,1834.0,4.0,
2023-09-19,downloaded,1464.0,4.0,
2023-09-20,downloaded,1425.0,4.0,
2023-09-23,downloaded,1475.0,4.0,
2023-09-25,downloaded,1902.0,4.0,
2023-09-26,downloaded,1711.0,4.0,
2023-09-27,downloaded,1779.0,4.0,
2023-09-30,downloaded,2434.0,5.0,
2023-10-01,downloaded,2187.0,4.0,
2023-10-02,downloaded,1876.0,4.0,
2023-10-04,downloaded,1757.0,4.0,
2023-10-07,downloaded,1761.0,4.0,
2023-10-08,downloaded,2617.0,4.0,
2023-10-09,downloaded,1938.0,4.0,
2023-10-10,downloaded,1520.0,4.0,
2023-10-11,downloaded,1330.0,4.0,
2023-10-14,downloaded,1666.0,5.0,
2023-10-15,downloaded,1493.0,4.0,
2023-10-16,downloaded,1330.0,4.0,
2023-10-18,downloaded,1311.0,3.0,
2023-10-21,downloaded,1713.0,4.0,
2023-10-22,downloaded,2062.0,4.0,
2023-10-23,downloaded,1837.0,4.0,
2023-10-24,downloaded,1716.0,4.0,
2023-10-25,downloaded,1455.0,4.0,
2023-10-28,downloaded,2504.0,4.0,
2023-10-29,downloaded,1597.0,4.0,
2023-10-30,downloaded,1479.0,4.0,
2023-10-31,downloaded,1734.0,4.0,
2023-11-01,unresolved,,,"HTTPConnectionPool(host='service.tsetmc.com', port=80): Max retries exceeded with url: /tsev2/data/TseClient2.aspx?t=LastPossibleDeven (Caused by ConnectTimeoutError(<HTTPConnection(host='service.tsetmc.com', port=80) at 0x2913f39ec00>, 'Connection to service.tsetmc.com timed out. (connect timeout=5)'))"
2023-11-04,downloaded,2080.0,4.0,
2023-11-05,downloaded,1657.0,4.0,
2023-11-06,downloaded,1695.0,4.0,
2023-11-07,downloaded,2213.0,4.0,
2023-11-08,downloaded,1904.0,5.0,
2023-11-11,downloaded,1728.0,4.0,
2023-11-12,downloaded,1510.0,4.0,
2023-11-13,downloaded,1728.0,5.0,
2023-11-14,downloaded,1301.0,4.0,
2023-11-15,downloaded,1426.0,4.0,
2023-11-18,downloaded,1549.0,4.0,
2023-11-19,downloaded,1521.0,4.0,
2023-11-20,downloaded,1366.0,5.0,
2023-11-21,downloaded,1533.0,4.0,
2023-11-22,downloaded,1524.0,4.0,
2023-11-25,downloaded,1448.0,4.0,
2023-11-26,downloaded,1387.0,4.0,
2023-11-27,downloaded,1572.0,4.0,
2023-11-28,downloaded,1441.0,4.0,
2023-11-29,downloaded,2534.0,4.0,
2023-12-02,downloaded,2818.0,4.0,
2023-12-03,downloaded,4233.0,4.0,
2023-12-04,downloaded,6358.0,4.0,
2023-12-05,downloaded,4236.0,5.0,
2023-12-06,downloaded,2731.0,5.0,
2023-12-09,downloaded,3636.0,5.0,
2023-12-10,downloaded,2314.0,5.0,
2023-12-11,downloaded,2098.0,4.0,
2023-12-12,downloaded,2013.0,4.0,
2023-12-13,downloaded,1679.0,5.0,
2023-12-16,downloaded,2133.0,4.0,
2023-12-18,downloaded,3479.0,4.0,
2023-12-19,downloaded,2955.0,4.0,
2023-12-20,downloaded,2241.0,5.0,
2023-12-23,downloaded,2443.0,6.0,
2023-12-24,downloaded,2235.0,5.0,
2023-12-25,downloaded,1864.0,5.0,
2023-12-26,downloaded,1828.0,5.0,
2023-12-27,downloaded,2087.0,5.0,
2023-12-30,downloaded,1844.0,4.0,
2023-12-31,downloaded,1767.0,4.0,
2024-01-01,downloaded,1725.0,4.0,
2024-01-02,downloaded,1722.0,5.0,
2024-01-03,downloaded,1500.0,5.0,
2024-01-06,downloaded,1607.0,4.0,
2024-01-07,downloaded,1529.0,4.0,
2024-01-08,downloaded,1740.0,4.0,
2024-01-09,downloaded,1583.0,5.0,
2024-01-10,downloaded,1657.0,4.0,
2024-01-13,downloaded,2266.0,5.0,
2024-01-14,downloaded,2089.0,4.0,
2024-01-15,downloaded,1743.0,4.0,
2024-01-16,downloaded,1727.0,5.0,
2024-01-17,downloaded,1340.0,4.0,
2024-01-20,downloaded,2130.0,5.0,
2024-01-21,downloaded,2160.0,5.0,
2024-01-22,downloaded,1699.0,5.0,
2024-01-23,downloaded,2195.0,5.0,
2024-01-24,downloaded,1272.0,4.0,
2024-01-27,downloaded,1530.0,4.0,
2024-01-28,downloaded,1697.0,5.0,
2024-01-29,downloaded,1784.0,4.0,
2024-01-30,downloaded,2225.0,4.0,
2024-01-31,downloaded,1796.0,4.0,
2024-02-03,downloaded,1975.0,4.0,
2024-02-04,downloaded,1911.0,4.0,
2024-02-05,downloaded,2471.0,6.0,
2024-02-06,downloaded,1555.0,5.0,
2024-02-13,downloaded,1252.0,3.0,
2024-02-14,downloaded,2023.0,4.0,
2024-02-17,downloaded,2433.0,5.0,
2024-02-18,downloaded,2029.0,6.0,
2024-02-19,downloaded,2827.0,5.0,
2024-02-28,downloaded,1252.0,3.0,
2024-03-02,downloaded,4051.0,4.0,
2024-03-03,downloaded,4119.0,4.0,
2024-03-04,downloaded,2959.0,4.0,
2024-03-05,downloaded,3130.0,4.0,
2024-03-06,downloaded,2391.0,5.0,
2024-03-09,downloaded,2466.0,4.0,
2024-03-10,downloaded,2916.0,4.0,
2024-03-11,downloaded,2882.0,4.0,
2024-03-12,downloaded,2152.0,4.0,
2024-03-13,downloaded,2267.0,4.0,
2024-03-16,downloaded,1929.0,3.0,
2024-03-17,downloaded,2046.0,4.0,
2024-03-18,downloaded,3455.0,4.0,
2024-03-24,downloaded,3892.0,4.0,
2024-03-25,downloaded,3622.0,4.0,
2024-03-26,downloaded,2617.0,4.0,
2024-03-27,downloaded,2552.0,4.0,
2024-03-30,downloaded,2437.0,4.0,
2024-04-02,downloaded,3150.0,6.0,
2024-04-03,downloaded,2253.0,4.0,
2024-04-06,downloaded,3448.0,4.0,
2024-04-07,downloaded,2158.0,4.0,
2024-04-08,downloaded,2195.0,4.0,
2024-04-09,downloaded,2227.0,4.0,
2024-04-13,downloaded,3593.0,4.0,
2024-04-14,downloaded,1215.0,5.0,
2024-04-15,downloaded,1211.0,4.0,
2024-04-16,downloaded,2275.0,4.0,
2024-04-17,downloaded,893.0,4.0,
2024-04-20,downloaded,2761.0,4.0,
2024-04-21,downloaded,4877.0,4.0,
2024-04-22,downloaded,3604.0,4.0,
2024-04-23,downloaded,2910.0,4.0,
2024-04-24,downloaded,2702.0,5.0,
2024-04-27,downloaded,2309.0,4.0,
2024-04-28,downloaded,2631.0,4.0,
2024-04-29,downloaded,2357.0,4.0,
2024-04-30,downloaded,2078.0,4.0,
2024-05-01,downloaded,1858.0,4.0,
2024-05-05,downloaded,1922.0,4.0,
2024-05-06,downloaded,2066.0,4.0,
2024-05-07,downloaded,1648.0,4.0,
2024-05-08,downloaded,1698.0,4.0,
2024-05-11,downloaded,2138.0,4.0,
2024-05-12,downloaded,2611.0,4.0,
2024-05-13,downloaded,2862.0,4.0,
2024-05-14,downloaded,2177.0,4.0,
2024-05-15,downloaded,2078.0,5.0,
2024-05-18,downloaded,1987.0,4.0,
2024-05-19,downloaded,3834.0,5.0,
2024-05-21,downloaded,1828.0,5.0,
2024-05-25,downloaded,3134.0,6.0,
2024-05-26,downloaded,3123.0,5.0,
2024-05-27,downloaded,3089.0,5.0,
2024-05-28,downloaded,710.0,4.0,
2024-05-29,downloaded,574.0,4.0,
2024-06-01,downloaded,2208.0,4.0,
2024-06-02,downloaded,1762.0,5.0,
2024-06-05,downloaded,1726.0,5.0,
2024-06-08,downloaded,1620.0,5.0,
2024-06-09,downloaded,2154.0,5.0,
2024-06-10,downloaded,1345.0,4.0,
2024-06-11,downloaded,1842.0,6.0,
2024-06-12,downloaded,1847.0,4.0,
2024-06-15,downloaded,1578.0,4.0,
2024-06-16,downloaded,1842.0,4.0,
2024-06-18,downloaded,2081.0,6.0,
2024-06-19,downloaded,1549.0,5.0,
2024-06-22,downloaded,2072.0,5.0,
2024-06-23,downloaded,1859.0,6.0,
2024-06-24,downloaded,1903.0,4.0,
2024-06-26,downloaded,1122.0,4.0,
2024-06-29,downloaded,2107.0,4.0,
2024-06-30,downloaded,2188.0,4.0,
2024-07-01,downloaded,1503.0,4.0,
2024-07-02,downloaded,1645.0,4.0,
2024-07-03,downloaded,2471.0,4.0,
2024-07-06,downloaded,1163.0,4.0,
2024-07-07,downloaded,3506.0,4.0,
2024-07-08,downloaded,2649.0,4.0,
2024-07-09,downloaded,1832.0,4.0,
2024-07-10,downloaded,2458.0,4.0,
2024-07-13,downloaded,1800.0,4.0,
2024-07-14,downloaded,2252.0,4.0,
2024-07-22,downloaded,1422.0,2.0,
2024-07-23,downloaded,2363.0,4.0,
2024-07-24,downloaded,1908.0,4.0,
2024-07-27,downloaded,1792.0,3.0,
2024-07-29,downloaded,2168.0,4.0,
2024-07-30,downloaded,2199.0,4.0,
2024-07-31,downloaded,2934.0,5.0,
2024-08-03,downloaded,3146.0,4.0,
2024-08-04,downloaded,1396.0,4.0,
2024-08-05,downloaded,1555.0,5.0,
2024-08-06,downloaded,1189.0,4.0,
2024-08-10,downloaded,1458.0,5.0,
2024-08-11,downloaded,1278.0,4.0,
2024-08-12,downloaded,1814.0,4.0,
2024-08-13,downloaded,1600.0,4.0,
2024-08-14,downloaded,886.0,4.0,
2024-08-17,downloaded,726.0,4.0,
2024-08-18,downloaded,574.0,4.0,
2024-08-19,downloaded,2017.0,4.0,
2024-08-20,downloaded,1182.0,4.0,
2024-08-21,downloaded,1493.0,4.0,
2024-08-24,downloaded,1753.0,5.0,
2024-08-26,downloaded,1957.0,4.0,
2024-08-27,downloaded,1234.0,4.0,
2024-08-28,downloaded,1777.0,4.0,
2024-08-31,downloaded,1514.0,4.0,
2024-09-01,downloaded,2386.0,4.0,
2024-09-03,downloaded,2203.0,4.0,
2024-09-07,downloaded,2540.0,4.0,
2024-09-08,downloaded,2570.0,4.0,
2024-09-09,downloaded,2078.0,4.0,
2024-09-10,downloaded,1966.0,5.0,
2024-09-11,downloaded,2514.0,5.0,
2024-09-14,downloaded,2474.0,5.0,
2024-09-15,downloaded,2119.0,5.0,
2024-09-16,downloaded,2312.0,5.0,
2024-09-17,downloaded,3264.0,4.0,
2024-09-18,downloaded,2913.0,4.0,
2024-09-22,downloaded,1780.0,4.0,
2024-09-23,downloaded,2839.0,4.0,
2024-09-24,downloaded,3464.0,4.0,
2024-09-25,downloaded,2807.0,4.0,
2024-09-28,downloaded,584.0,4.0,
2024-09-29,downloaded,2062.0,4.0,
2024-09-30,downloaded,2500.0,5.0,
2024-10-01,downloaded,1325.0,6.0,
2024-10-02,downloaded,2646.0,5.0,
2024-10-05,downloaded,2611.0,4.0,
2024-10-06,downloaded,1181.0,4.0,
2024-10-07,downloaded,2987.0,5.0,
2024-10-08,downloaded,1492.0,4.0,
2024-10-12,downloaded,1184.0,3.0,
2024-10-13,downloaded,3208.0,6.0,
2024-10-14,downloaded,2963.0,5.0,
2024-10-15,downloaded,2690.0,6.0,
2024-10-16,downloaded,1621.0,4.0,
2024-10-19,downloaded,2633.0,4.0,
2024-10-20,downloaded,2594.0,4.0,
2024-10-21,downloaded,2205.0,4.0,
2024-10-22,downloaded,2092.0,4.0,
2024-10-23,downloaded,2358.0,4.0,
2024-10-26,downloaded,538.0,4.0,
2024-10-27,downloaded,490.0,4.0,
2024-10-28,downloaded,973.0,4.0,
2024-10-29,downloaded,3440.0,4.0,
2024-10-30,downloaded,3675.0,6.0,
2024-11-02,downloaded,2773.0,4.0,
2024-11-03,downloaded,1665.0,4.0,
2024-11-04,downloaded,1793.0,5.0,
2024-11-05,downloaded,1486.0,4.0,
2024-11-06,downloaded,2381.0,4.0,
2024-11-09,downloaded,1115.0,4.0,
2024-11-11,downloaded,3665.0,4.0,
2024-11-12,downloaded,3019.0,4.0,
2024-11-13,downloaded,2628.0,4.0,
2024-11-16,downloaded,1410.0,4.0,
2024-11-17,downloaded,3665.0,4.0,
2024-11-18,downloaded,3400.0,4.0,
2024-11-19,downloaded,3851.0,4.0,
2024-11-20,downloaded,2931.0,4.0,
2024-11-23,downloaded,2743.0,4.0,
2024-11-24,downloaded,2272.0,4.0,
2024-11-25,downloaded,1725.0,4.0,
2024-11-26,downloaded,4836.0,4.0,
2024-11-27,downloaded,3806.0,4.0,
2024-11-30,downloaded,3601.0,4.0,
2024-12-01,downloaded,2248.0,4.0,
2024-12-02,downloaded,1648.0,4.0,
2024-12-03,downloaded,3467.0,4.0,
2024-12-04,downloaded,3162.0,4.0,
2024-12-07,downloaded,3100.0,4.0,
2024-12-08,downloaded,2782.0,4.0,
2024-12-09,downloaded,1876.0,4.0,
2024-12-10,downloaded,3073.0,4.0,
2024-12-11,downloaded,3282.0,4.0,
2024-12-14,downloaded,1405.0,4.0,
2024-12-15,downloaded,1805.0,4.0,
2024-12-16,downloaded,4026.0,4.0,
2024-12-17,downloaded,5602.0,4.0,
2024-12-18,downloaded,4899.0,4.0,
2024-12-21,downloaded,1928.0,4.0,
2024-12-22,unresolved,,,No intraday trades returned
2024-12-23,downloaded,3965.0,4.0,
2024-12-24,downloaded,4216.0,4.0,
2024-12-25,downloaded,5594.0,4.0,
2024-12-28,downloaded,3836.0,4.0,
2024-12-29,downloaded,3737.0,5.0,
2024-12-30,downloaded,4115.0,4.0,
2024-12-31,downloaded,3945.0,4.0,
2025-01-01,downloaded,4213.0,4.0,
2025-01-04,downloaded,1475.0,3.0,
2025-01-05,downloaded,4548.0,4.0,
2025-01-06,downloaded,3412.0,4.0,
2025-01-07,downloaded,3609.0,4.0,
2025-01-08,downloaded,3483.0,4.0,
2025-01-11,downloaded,4212.0,4.0,
2025-01-12,downloaded,4289.0,4.0,
2025-01-13,downloaded,3621.0,4.0,
2025-01-15,downloaded,3078.0,4.0,
2025-01-18,downloaded,3042.0,4.0,
2025-01-19,downloaded,2645.0,4.0,
2025-01-20,downloaded,2981.0,3.0,
2025-01-21,downloaded,3121.0,4.0,
2025-01-22,downloaded,1534.0,4.0,
2025-01-25,downloaded,4685.0,5.0,
2025-01-26,downloaded,3827.0,5.0,
2025-01-27,downloaded,3404.0,7.0,
2025-01-29,downloaded,2459.0,5.0,
2025-02-01,downloaded,3202.0,4.0,
2025-02-02,downloaded,2568.0,4.0,
2025-02-03,downloaded,2254.0,4.0,
2025-02-04,downloaded,2496.0,4.0,
2025-02-05,downloaded,3014.0,4.0,
2025-02-09,downloaded,4843.0,5.0,
2025-02-11,downloaded,4356.0,4.0,
2025-02-15,downloaded,1971.0,5.0,
2025-02-16,downloaded,4255.0,4.0,
2025-02-17,downloaded,2668.0,4.0,
2025-02-18,downloaded,2337.0,3.0,
2025-02-19,downloaded,1958.0,3.0,
2025-02-22,downloaded,3052.0,4.0,
2025-02-23,downloaded,3046.0,4.0,
2025-02-24,downloaded,2238.0,4.0,
2025-02-25,downloaded,4174.0,4.0,
2025-02-26,downloaded,3878.0,4.0,
2025-03-01,downloaded,3151.0,4.0,
2025-03-02,downloaded,3400.0,4.0,
2025-03-03,downloaded,1811.0,4.0,
2025-03-04,downloaded,4337.0,4.0,
2025-03-05,downloaded,3596.0,4.0,
2025-03-12,downloaded,1195.0,1.0,
2025-03-15,downloaded,4185.0,4.0,
2025-03-16,downloaded,3275.0,4.0,
2025-03-17,downloaded,4115.0,6.0,
2025-03-18,downloaded,4746.0,5.0,
2025-03-29,downloaded,584.0,2.0,
2025-03-30,downloaded,2052.0,4.0,
2025-04-05,downloaded,3936.0,4.0,
2025-04-06,downloaded,3511.0,4.0,
2025-04-07,downloaded,3098.0,4.0,
2025-04-08,downloaded,886.0,4.0,
2025-04-09,downloaded,3299.0,4.0,
2025-04-12,downloaded,3448.0,4.0,
2025-04-13,downloaded,1434.0,4.0,
2025-04-14,downloaded,5748.0,4.0,
2025-04-15,downloaded,4475.0,4.0,
2025-04-16,downloaded,4418.0,4.0,
2025-04-19,downloaded,5538.0,4.0,
2025-04-20,downloaded,3003.0,5.0,
2025-04-21,downloaded,9601.0,6.0,
2025-04-22,downloaded,6351.0,5.0,
2025-04-23,downloaded,8257.0,5.0,
2025-04-26,downloaded,7065.0,4.0,
2025-04-27,downloaded,5494.0,4.0,
2025-04-28,downloaded,7304.0,4.0,
2025-04-29,downloaded,5039.0,4.0,
2025-04-30,downloaded,5605.0,4.0,
2025-05-03,downloaded,3190.0,4.0,
2025-05-04,downloaded,5609.0,4.0,
2025-05-05,downloaded,5574.0,4.0,
2025-05-06,downloaded,5801.0,4.0,
2025-05-07,downloaded,5474.0,4.0,
2025-05-10,downloaded,4651.0,4.0,
2025-05-11,downloaded,4988.0,4.0,
2025-05-12,downloaded,2762.0,4.0,
2025-05-13,downloaded,5503.0,4.0,
2025-05-14,downloaded,5694.0,4.0,
2025-05-17,downloaded,6866.0,4.0,
2025-05-18,downloaded,5073.0,4.0,
2025-05-19,downloaded,4914.0,4.0,
2025-05-20,downloaded,6228.0,4.0,
2025-05-21,downloaded,5288.0,4.0,
2025-05-24,downloaded,3530.0,3.0,
2025-05-25,downloaded,5255.0,4.0,
2025-05-26,downloaded,4680.0,4.0,
2025-05-27,downloaded,4609.0,4.0,
2025-05-28,downloaded,3940.0,4.0,
2025-05-31,downloaded,4080.0,4.0,
2025-06-01,downloaded,4094.0,4.0,
2025-06-02,downloaded,4014.0,4.0,
2025-06-03,downloaded,4792.0,4.0,
2025-06-07,downloaded,4341.0,4.0,
2025-06-08,downloaded,4554.0,4.0,
2025-06-09,downloaded,4927.0,4.0,
2025-06-10,downloaded,3538.0,4.0,
2025-06-11,downloaded,3124.0,4.0,
2025-06-28,downloaded,428.0,3.0,
2025-06-29,downloaded,719.0,4.0,
2025-06-30,unresolved,,,No intraday trades returned
2025-07-01,downloaded,2921.0,6.0,
2025-07-02,downloaded,5710.0,4.0,
2025-07-07,downloaded,4519.0,4.0,
2025-07-08,downloaded,2127.0,4.0,
2025-07-09,downloaded,4389.0,6.0,
2025-07-12,downloaded,2880.0,4.0,
2025-07-15,downloaded,1530.0,2.0,
2025-07-16,downloaded,2880.0,4.0,
2025-07-19,downloaded,3070.0,4.0,
2025-07-20,downloaded,4308.0,6.0,
2025-07-21,downloaded,3672.0,4.0,
2025-07-22,downloaded,7418.0,6.0,
2025-07-23,downloaded,5464.0,4.0,
2025-07-26,downloaded,4438.0,5.0,
2025-07-27,downloaded,4461.0,6.0,
2025-07-28,downloaded,3248.0,5.0,
2025-07-29,downloaded,1400.0,4.0,
2025-07-30,downloaded,3500.0,5.0,
2025-08-02,downloaded,4734.0,5.0,
2025-08-06,downloaded,1473.0,2.0,
2025-08-09,downloaded,4072.0,4.0,
2025-08-10,downloaded,3170.0,4.0,
2025-08-11,downloaded,2858.0,4.0,
2025-08-12,downloaded,2838.0,6.0,
2025-08-13,downloaded,1593.0,4.0,
2025-08-16,downloaded,4764.0,8.0,
2025-08-17,downloaded,1462.0,4.0,
2025-08-18,downloaded,3152.0,4.0,
2025-08-19,downloaded,2689.0,4.0,
2025-08-20,downloaded,2342.0,4.0,
2025-08-23,downloaded,2257.0,5.0,
2025-08-25,downloaded,2161.0,4.0,
2025-08-26,downloaded,2573.0,4.0,
2025-08-27,downloaded,2169.0,4.0,
2025-08-30,downloaded,1738.0,3.0,
2025-08-31,downloaded,1059.0,4.0,
2025-09-02,downloaded,730.0,4.0,
2025-09-03,downloaded,2503.0,4.0,
2025-09-06,downloaded,4129.0,4.0,
2025-09-07,downloaded,3036.0,4.0,
2025-09-08,downloaded,1903.0,4.0,
2025-09-09,downloaded,3435.0,4.0,
2025-09-13,downloaded,2240.0,4.0,
2025-09-14,downloaded,2560.0,4.0,
2025-09-15,downloaded,3411.0,4.0,
2025-09-16,downloaded,1115.0,3.0,
2025-09-17,downloaded,2793.0,5.0,
2025-09-20,downloaded,730.0,5.0,
2025-09-21,downloaded,3992.0,6.0,
2025-09-22,downloaded,2841.0,4.0,
2025-09-23,downloaded,2403.0,4.0,
2025-09-24,downloaded,3225.0,5.0,
2025-09-27,downloaded,1404.0,4.0,
2025-09-28,downloaded,690.0,4.0,
2025-09-29,downloaded,1021.0,4.0,
2025-09-30,downloaded,5034.0,4.0,
2025-10-01,unresolved,,,No intraday trades returned
2025-10-04,downloaded,867.0,4.0,
2025-10-05,downloaded,3109.0,4.0,
2025-10-06,downloaded,4115.0,4.0,
2025-10-07,downloaded,1836.0,4.0,
2025-10-08,downloaded,5605.0,4.0,
2025-10-11,downloaded,4566.0,4.0,
2025-10-12,downloaded,2593.0,4.0,
2025-10-13,downloaded,5151.0,4.0,
2025-10-14,downloaded,4356.0,4.0,
2025-10-15,downloaded,3341.0,4.0,
2025-10-18,downloaded,1140.0,4.0,
2025-10-19,downloaded,4247.0,4.0,
2025-10-20,downloaded,3075.0,4.0,
2025-10-21,downloaded,2883.0,4.0,
2025-10-22,downloaded,2923.0,4.0,
2025-10-25,downloaded,3417.0,4.0,
2025-10-26,unresolved,,,Failed to fetch trade details for <pytse_client.ticker.ticker.Ticker object at 0x000002913F03E810> on 2025-10-26 after 9 retries
2025-10-27,unresolved,,,Failed to fetch trade details for <pytse_client.ticker.ticker.Ticker object at 0x000002913F03EDE0> on 2025-10-27 after 9 retries
2025-10-28,unresolved,,,Failed to fetch trade details for <pytse_client.ticker.ticker.Ticker object at 0x000002913EC50710> on 2025-10-28 after 9 retries
2025-10-29,unresolved,,,Failed to fetch trade details for <pytse_client.ticker.ticker.Ticker object at 0x000002913F432210> on 2025-10-29 after 9 retries
2025-11-01,unresolved,,,Failed to fetch trade details for <pytse_client.ticker.ticker.Ticker object at 0x000002913F496CF0> on 2025-11-01 after 9 retries
2025-11-02,unresolved,,,Failed to fetch trade details for <pytse_client.ticker.ticker.Ticker object at 0x00000291407B60F0> on 2025-11-02 after 9 retries
2025-11-03,unresolved,,,"HTTPConnectionPool(host='service.tsetmc.com', port=80): Max retries exceeded with url: /tsev2/data/TseClient2.aspx?t=LastPossibleDeven (Caused by ConnectTimeoutError(<HTTPConnection(host='service.tsetmc.com', port=80) at 0x2913f2f2d50>, 'Connection to service.tsetmc.com timed out. (connect timeout=5)'))"
2025-11-04,unresolved,,,Failed to fetch trade details for <pytse_client.ticker.ticker.Ticker object at 0x000002913F03E1B0> on 2025-11-04 after 9 retries
2025-11-05,downloaded,4053.0,4.0,
2025-11-08,downloaded,3793.0,4.0,
2025-11-09,downloaded,1399.0,4.0,
2025-11-10,downloaded,4922.0,5.0,
2025-11-11,downloaded,3725.0,4.0,
2025-11-12,downloaded,2451.0,3.0,
2025-11-15,downloaded,2344.0,3.0,
2025-11-16,downloaded,3755.0,7.0,
2025-11-17,downloaded,4495.0,4.0,
2025-11-18,downloaded,2950.0,4.0,
2025-11-19,downloaded,2808.0,4.0,
2025-11-22,downloaded,3117.0,4.0,
2025-11-23,downloaded,2659.0,4.0,
2025-11-25,downloaded,2593.0,3.0,
2025-11-26,downloaded,4978.0,5.0,
2025-11-29,downloaded,3585.0,4.0,
2025-11-30,downloaded,3602.0,4.0,
2025-12-01,downloaded,3703.0,4.0,
2025-12-02,downloaded,3566.0,4.0,
2025-12-03,downloaded,3760.0,4.0,
2025-12-06,downloaded,4305.0,4.0,
2025-12-07,downloaded,5666.0,4.0,
2025-12-08,downloaded,4373.0,4.0,
2025-12-09,downloaded,3405.0,4.0,
2025-12-10,downloaded,2524.0,4.0,
2025-12-13,downloaded,4187.0,4.0,
2025-12-14,downloaded,5092.0,4.0,
2025-12-15,downloaded,3548.0,4.0,
2025-12-16,downloaded,5616.0,4.0,
2025-12-17,downloaded,4147.0,4.0,
2025-12-20,downloaded,4102.0,4.0,
2025-12-21,downloaded,5432.0,4.0,
2025-12-22,downloaded,6219.0,4.0,
2025-12-23,downloaded,4250.0,4.0,
2025-12-24,downloaded,5007.0,4.0,
2025-12-27,downloaded,6210.0,4.0,
2025-12-28,unresolved,,,No intraday trades returned
2025-12-29,unresolved,,,No intraday trades returned
2025-12-30,downloaded,3051.0,4.0,
2025-12-31,downloaded,5909.0,4.0,
2026-01-04,downloaded,5808.0,4.0,
2026-01-05,downloaded,2148.0,4.0,
2026-01-06,downloaded,1843.0,4.0,
2026-01-07,downloaded,5044.0,4.0,
2026-01-10,downloaded,5863.0,5.0,
2026-01-11,downloaded,5888.0,4.0,
2026-01-12,downloaded,5813.0,4.0,
2026-01-13,downloaded,4393.0,5.0,
2026-01-14,downloaded,1657.0,4.0,
2026-01-18,downloaded,6819.0,6.0,
2026-01-19,downloaded,6393.0,5.0,
2026-01-20,downloaded,5679.0,7.0,
2026-01-21,downloaded,6856.0,5.0,
2026-01-24,downloaded,2093.0,4.0,
2026-01-25,downloaded,1622.0,4.0,
2026-01-26,downloaded,978.0,4.0,
2026-01-27,downloaded,1542.0,4.0,
2026-01-28,downloaded,7013.0,4.0,
2026-01-31,downloaded,3675.0,4.0,
2026-02-01,downloaded,3693.0,4.0,
2026-02-02,downloaded,2198.0,4.0,
2026-02-03,downloaded,3879.0,5.0,
2026-02-09,downloaded,1071.0,2.0,
2026-02-10,downloaded,2648.0,4.0,
2026-02-14,downloaded,4399.0,5.0,
2026-02-15,downloaded,2435.0,4.0,
2026-02-16,downloaded,2711.0,4.0,
2026-02-17,downloaded,2432.0,4.0,
2026-02-18,downloaded,2531.0,4.0,
2026-02-21,downloaded,1267.0,4.0,
2026-02-22,downloaded,3716.0,4.0,
2026-02-23,downloaded,2690.0,4.0,
2026-02-24,downloaded,2287.0,5.0,
2026-02-25,downloaded,2792.0,4.0,
2026-08-08,downloaded,276.0,1.0,
2026-08-09,downloaded,10117.0,4.0,
2026-08-10,downloaded,9081.0,5.0,
2026-08-11,downloaded,8055.0,4.0,
2026-08-15,downloaded,6190.0,4.0,
2026-08-16,downloaded,4532.0,3.0,
2026-08-17,downloaded,982.0,3.0,
2026-08-18,downloaded,5451.0,4.0,
2026-08-19,downloaded,7326.0,4.0,
2026-08-22,downloaded,3521.0,4.0,
2026-08-23,downloaded,5504.0,4.0,
2026-08-24,downloaded,7866.0,4.0,
2026-08-25,downloaded,7394.0,4.0,
2026-08-26,downloaded,2771.0,4.0,
2026-08-29,downloaded,2954.0,4.0,
2026-08-31,downloaded,8391.0,5.0,
2026-09-01,downloaded,5645.0,6.0,
2026-09-02,downloaded,4396.0,4.0,
2026-09-05,downloaded,7518.0,4.0,
2026-09-06,downloaded,7138.0,4.0,
2026-09-07,downloaded,1600.0,4.0,
2026-09-08,downloaded,1932.0,4.0,
2026-09-09,downloaded,3456.0,4.0,
2026-09-12,downloaded,1824.0,4.0,
2026-09-13,downloaded,3230.0,4.0,
2026-09-14,downloaded,3831.0,4.0,
2026-09-15,downloaded,3728.0,5.0,
2026-09-16,downloaded,5285.0,4.0,
2026-09-19,downloaded,9602.0,4.0,
2026-09-20,downloaded,6819.0,4.0,
2026-09-21,downloaded,6335.0,4.0,
2026-09-22,downloaded,8078.0,4.0,
2026-09-23,downloaded,4725.0,4.0,
2026-09-26,downloaded,6361.0,4.0,
2026-09-27,downloaded,5192.0,4.0,
2026-09-28,downloaded,4204.0,4.0,
2026-09-29,downloaded,3232.0,4.0,
2026-09-30,downloaded,2918.0,4.0,
